Key,Values
C5_b,0.25
C5_v,"[(-0.027500389290491586+2.2258028716557057e-14j), (0.0014360329330041824+8.096185386727813e-15j), (0.0006081901019402594+5.73278030996089e-16j), (-0.0034360844844423893+4.665144155215005e-15j), (0.0005063689164484607+3.1861863657334214e-15j), (-0.00028977716010140985+9.854125845023269e-16j), (0.00023019252652019918+1.060117877387683e-16j), (-0.0009638483654414805+1.683103043699605e-15j), (0.00023666970964587603+1.6390116577277874e-15j), (8.474369654192512e-05-5.060763161865895e-17j), (-6.981836905875784e-05+3.6514736653575097e-16j), (0.00010440431009269448+1.8520355681179445e-17j), (-0.00035090473947673795+7.332838089975064e-16j), (0.0001218210097155845+9.868488773321527e-16j), (-1.6866155827850055e-05+1.5979006101392992e-16j), (3.640200782646221e-05-4.773950626591172e-17j), (-2.159603901037828e-05+1.4340689445580183e-16j), (5.144555973583656e-05+2.341476181983449e-17j), (-0.00013321707296602876+3.224696267595398e-16j), (6.640065868923396e-05+6.098896318656856e-16j), (1.5434283376318042e-05-1.4556877672874896e-17j), (-6.42445852944883e-06+3.9681210367154357e-17j), (1.7451671454028276e-05-2.870367918868844e-17j), (-6.491636101283538e-06+5.2777534022482194e-17j), (2.6851785782104143e-05+4.806614590125193e-17j), (-4.034010751024264e-05+1.3838883763233993e-16j), (3.8441082127043976e-05+3.8043483408421213e-16j), (-4.017710435268338e-06+2.1751273587364056e-18j), (8.111467372856512e-06-3.7317453027650556e-17j), (-3.293572427993896e-06+3.140187971002658e-17j), (9.667526587883232e-06+4.524244253533685e-18j), (-2.1055626773999976e-07+3.823603252210324e-17j), (1.5789307753285374e-05+6.069300627321095e-17j), (4.386713560945975e-06+1.8864022828576082e-17j), (3.0631364571670506e-05+1.5747776820872374e-16j)]"
C5,"[(0.2224996107095084+2.2258028716557057e-14j), (0.2514360329330042+8.096185386727813e-15j), (0.25060819010194024+5.73278030996089e-16j), (0.24656391551555762+4.665144155215005e-15j), (0.25050636891644845+3.1861863657334214e-15j), (0.24971022283989858+9.854125845023269e-16j), (0.2502301925265202+1.060117877387683e-16j), (0.24903615163455853+1.683103043699605e-15j), (0.25023666970964586+1.6390116577277874e-15j), (0.25008474369654193-5.060763161865895e-17j), (0.24993018163094124+3.6514736653575097e-16j), (0.2501044043100927+1.8520355681179445e-17j), (0.24964909526052326+7.332838089975064e-16j), (0.2501218210097156+9.868488773321527e-16j), (0.24998313384417215+1.5979006101392992e-16j), (0.25003640200782645-4.773950626591172e-17j), (0.2499784039609896+1.4340689445580183e-16j), (0.25005144555973585+2.341476181983449e-17j), (0.24986678292703396+3.224696267595398e-16j), (0.25006640065868924+6.098896318656856e-16j), (0.2500154342833763-1.4556877672874896e-17j), (0.24999357554147056+3.9681210367154357e-17j), (0.250017451671454-2.870367918868844e-17j), (0.24999350836389872+5.2777534022482194e-17j), (0.2500268517857821+4.806614590125193e-17j), (0.24995965989248975+1.3838883763233993e-16j), (0.250038441082127+3.8043483408421213e-16j), (0.24999598228956474+2.1751273587364056e-18j), (0.25000811146737284-3.7317453027650556e-17j), (0.24999670642757202+3.140187971002658e-17j), (0.2500096675265879+4.524244253533685e-18j), (0.24999978944373227+3.823603252210324e-17j), (0.2500157893077533+6.069300627321095e-17j), (0.25000438671356096+1.8864022828576082e-17j), (0.25003063136457165+1.5747776820872374e-16j)]"
C6_b,0.25
C6_v,"[(0.008163127756642501-4.698231956959305e-15j), (-0.0033465422846361234-3.241916217505241e-16j), (-0.0011886874871868095+8.130724134830335e-16j), (0.001628400772011204-1.2742409031856089e-15j), (-0.0009544634128840194-3.6204480638780057e-16j), (0.0002592375115974373-3.578057650322388e-16j), (-0.0003684099365278474+3.8978814926568942e-16j), (0.0005554167453274759-5.052501321626481e-16j), (-0.0003867279585717438-3.1476499050767173e-16j), (-0.00011044002036916287+2.078506655989601e-16j), (7.737309468780007e-05-1.4110475244723188e-16j), (-0.00014816418357457064+1.8952452704589108e-16j), (0.00022372360977503312-2.1731573710123897e-16j), (-0.00018428948929555294-2.621005812778974e-16j), (2.2456532132325928e-05-5.76593398238771e-17j), (-4.284861836058521e-05+1.0462615647463461e-16j), (2.840508780434035e-05-5.46620960240441e-17j), (-6.787354134319829e-05+8.730318208174149e-17j), (9.099667687387992e-05-8.170854673112502e-17j), (-9.566803309322837e-05-2.0861978085891211e-16j), (-1.662513928053377e-05+5.4629088013882295e-17j), (9.065799610395687e-06-1.6144591828157847e-17j), (-1.9101109387015646e-05+5.580089501684597e-17j), (1.0792312478970834e-05-1.7184340192775348e-17j), (-3.3663406945473324e-05+3.171944973041364e-17j), (2.9972438309451702e-05-1.4430571041783384e-17j), (-5.211015886192075e-05-1.7894162920087905e-16j), (4.937323236104533e-06-5.510684866373808e-18j), (-8.21992591783486e-06+3.9898454949544826e-17j), (4.592554805564668e-06-1.0907316050576762e-17j), (-9.891585203641045e-06+2.6035946256128873e-17j), (3.0696758246162423e-06-4.7723739658057314e-18j), (-1.9054694896335072e-05+1.041428932698436e-17j), (-5.443255686613104e-07+3.8659723460162966e-17j), (-3.441501866919585e-05-1.933391761328787e-16j)]"
C6,"[(0.2581631277566425-4.698231956959305e-15j), (0.24665345771536387-3.241916217505241e-16j), (0.2488113125128132+8.130724134830335e-16j), (0.2516284007720112-1.2742409031856089e-15j), (0.24904553658711598-3.6204480638780057e-16j), (0.25025923751159745-3.578057650322388e-16j), (0.24963159006347216+3.8978814926568942e-16j), (0.2505554167453275-5.052501321626481e-16j), (0.24961327204142825-3.1476499050767173e-16j), (0.24988955997963083+2.078506655989601e-16j), (0.2500773730946878-1.4110475244723188e-16j), (0.24985183581642542+1.8952452704589108e-16j), (0.250223723609775-2.1731573710123897e-16j), (0.24981571051070445-2.621005812778974e-16j), (0.25002245653213234-5.76593398238771e-17j), (0.2499571513816394+1.0462615647463461e-16j), (0.25002840508780433-5.46620960240441e-17j), (0.2499321264586568+8.730318208174149e-17j), (0.2500909966768739-8.170854673112502e-17j), (0.24990433196690678-2.0861978085891211e-16j), (0.24998337486071948+5.4629088013882295e-17j), (0.2500090657996104-1.6144591828157847e-17j), (0.24998089889061298+5.580089501684597e-17j), (0.25001079231247897-1.7184340192775348e-17j), (0.24996633659305453+3.171944973041364e-17j), (0.25002997243830943-1.4430571041783384e-17j), (0.24994788984113808-1.7894162920087905e-16j), (0.2500049373232361-5.510684866373808e-18j), (0.24999178007408215+3.9898454949544826e-17j), (0.25000459255480556-1.0907316050576762e-17j), (0.24999010841479635+2.6035946256128873e-17j), (0.25000306967582464-4.7723739658057314e-18j), (0.24998094530510367+1.041428932698436e-17j), (0.24999945567443133+3.8659723460162966e-17j), (0.2499655849813308-1.933391761328787e-16j)]"
C7_b,0.25
C7_v,(-0.040453802968790864+1.4643345255854047e-15j)
C7,(0.20954619703120914+1.4643345255854047e-15j)
C8A_b,"[(-0.09780590697963386-7.970031558290761e-17j), (-2.5200728054706694e-05-4.339304907558321e-17j), (4.949726931208367e-05+4.4678438876312504e-17j), (0.030813243376396137+8.327219617752973e-17j), (-1.0141001124268874e-05-7.469914562594343e-17j), (-0.009633795659312785-8.026791362406194e-17j), (-1.4865794165287781e-05+1.0002474433269277e-16j), (-0.017273097524270184-6.876585740549258e-17j), (7.658860414000654e-06-5.1298103604105444e-17j), (-1.93668097381986e-05-4.691571089458121e-17j), (0.005491021680136832+1.1459464468212618e-17j), (1.8225192055632346e-05+2.74625955383392e-17j), (0.011207143346983769+9.674466481996857e-17j), (-5.441991353737725e-06+4.4908019800713137e-17j), (-0.0032604358022962437+6.7498550318485e-17j), (1.5688064076370552e-05-5.023510480671935e-17j), (-0.0036863177874677717-8.03707001734707e-18j), (-2.1047203224965394e-05+6.045065561134663e-18j), (-0.007573277970245046-4.420351324104307e-17j), (9.018610741019851e-06+3.770467745332203e-17j), (-1.1909815933705272e-05+5.393682430698418e-18j), (0.002342578602123335-3.7229983760180196e-18j), (-1.264752525609358e-05+3.592739031525654e-17j), (0.0026553867776784954-1.028823333111499e-17j), (1.785994634956064e-05-1.4650805032307414e-17j), (0.0050121358722479865+1.1500339820208985e-16j), (-1.3427513899163179e-05+1.3621028166112945e-16j), (-0.001864191198562352-5.201545504906345e-17j), (8.876418940345957e-06+4.48366039541485e-17j), (-0.0018877313165833838+2.5570651036150426e-17j), (1.5604777241357197e-05+5.3342560632297946e-17j), (-0.002011543747832912+2.5150790073781e-17j), (-1.3637983260733937e-05-7.137790710936382e-17j), (-0.0030306894171477036-6.192633454255766e-17j), (-1.9270859790842645e-05+3.918707805727855e-18j)]"
C8A_v,"[(-1.0511873845373104e-06+3.512435618424835e-05j), (0.002476673850661585+1.771480418760713e-06j), (0.0006337184042257916-3.69213100123046e-08j), (3.016479221368671e-06-1.6137944956317145e-05j), (2.903724157550286e-05-1.0339403283568043e-06j), (-4.578126897385213e-06+9.296416103063913e-06j), (-0.00031897362769913064-1.6131028180183248e-07j), (-2.280198410485107e-06+1.1320053581641343e-05j), (-0.0006668075746897111+6.968697182504719e-07j), (8.158661776064265e-05+1.6334129135858722e-07j), (3.7344127767526438e-06-7.034179584961914e-06j), (0.00015547581063742884+1.3480059395138346e-07j), (3.4448449060200612e-06-8.511221384850824e-06j), (0.0009019190724039886-5.202111876086422e-07j), (-3.466829298149297e-06+5.4464536442240074e-06j), (2.51619773192388e-06-1.0899329293519984e-07j), (-3.2094039720012372e-06+5.542772476386103e-06j), (-6.851001100933696e-05-1.0223368195374398e-07j), (-3.6146631077731005e-06+6.376837613374442e-06j), (-0.0010066365962672998+4.1095829948416233e-07j), (-4.8493800617150895e-05+7.054325994295258e-08j), (3.2676112632788167e-06-4.471473908687856e-06j), (-4.192690337692418e-05+8.378415302250018e-08j), (2.7060792826311567e-06-4.42479090965483e-06j), (1.9313789886886472e-05+9.218616906667203e-08j), (3.659900979845774e-06-4.57367400748324e-06j), (0.0010640103774437974-3.3711908175906793e-07j), (-3.406019546427401e-06+3.925526370597954e-06j), (6.679877952215531e-05-5.6544356383842576e-08j), (-3.3804043343193193e-06+3.852693930570222e-06j), (6.162828585204661e-05-8.467565823492612e-08j), (-2.15886170663554e-06+3.569891855222724e-06j), (2.0137627795326074e-06-9.910346185682944e-08j), (-2.5838402556729564e-06+2.981327226081697e-06j), (-0.0011449139321603552+3.148437506495498e-07j)]"
C8A,"[(-0.0978069581670184+3.512435618416865e-05j), (0.0024514731226068782+1.77148041871732e-06j), (0.0006832156735378754-3.692130996762616e-08j), (0.030816259855617506-1.6137944956233872e-05j), (1.8896240451233987e-05-1.0339403284315035e-06j), (-0.00963837378621017+9.296416102983645e-06j), (-0.0003338394218644184-1.6131028170180774e-07j), (-0.01727537772268067+1.1320053581572578e-05j), (-0.0006591487142757104+6.968697181991738e-07j), (6.221980802244405e-05+1.6334129131167152e-07j), (0.005494756092913585-7.034179584950455e-06j), (0.0001737010026930612+1.3480059397884607e-07j), (0.01121058819188979-8.511221384754079e-06j), (0.0008964770810502508-5.202111875637342e-07j), (-0.003263902631594393+5.446453644291506e-06j), (1.8204261808294432e-05-1.0899329298543494e-07j), (-0.003689527191439773+5.542772476378067e-06j), (-8.955721423430236e-05-1.0223368194769892e-07j), (-0.00757689263335282+6.376837613330239e-06j), (-0.00099761798552628+4.10958299521867e-07j), (-6.040361655085617e-05+7.054325994834627e-08j), (0.0023458462133866135-4.471473908691579e-06j), (-5.457442863301776e-05+8.378415305842757e-08j), (0.0026580928569611265-4.424790909665118e-06j), (3.717373623644711e-05+9.218616905202122e-08j), (0.005015795773227832-4.573674007368237e-06j), (0.0010505828635446342-3.371190816228577e-07j), (-0.0018675972181087794+3.925526370545939e-06j), (7.567519846250127e-05-5.654435633900597e-08j), (-0.0018911117209177031+3.852693930595792e-06j), (7.72330630934038e-05-8.467565818158356e-08j), (-0.0020137026095395478+3.569891855247875e-06j), (-1.162422048120133e-05-9.910346192820735e-08j), (-0.0030332732574033764+2.981327226019771e-06j), (-0.001164184791951198+3.148437506534685e-07j)]"
C8B_b,"[(-0.09780590697963386-7.970031558290761e-17j), (-2.5200728054706694e-05-4.339304907558321e-17j), (4.949726931208367e-05+4.4678438876312504e-17j), (0.030813243376396137+8.327219617752973e-17j), (-1.0141001124268874e-05-7.469914562594343e-17j), (-0.009633795659312785-8.026791362406194e-17j), (-1.4865794165287781e-05+1.0002474433269277e-16j), (-0.017273097524270184-6.876585740549258e-17j), (7.658860414000654e-06-5.1298103604105444e-17j), (-1.93668097381986e-05-4.691571089458121e-17j), (0.005491021680136832+1.1459464468212618e-17j), (1.8225192055632346e-05+2.74625955383392e-17j), (0.011207143346983769+9.674466481996857e-17j), (-5.441991353737725e-06+4.4908019800713137e-17j), (-0.0032604358022962437+6.7498550318485e-17j), (1.5688064076370552e-05-5.023510480671935e-17j), (-0.0036863177874677717-8.03707001734707e-18j), (-2.1047203224965394e-05+6.045065561134663e-18j), (-0.007573277970245046-4.420351324104307e-17j), (9.018610741019851e-06+3.770467745332203e-17j), (-1.1909815933705272e-05+5.393682430698418e-18j), (0.002342578602123335-3.7229983760180196e-18j), (-1.264752525609358e-05+3.592739031525654e-17j), (0.0026553867776784954-1.028823333111499e-17j), (1.785994634956064e-05-1.4650805032307414e-17j), (0.0050121358722479865+1.1500339820208985e-16j), (-1.3427513899163179e-05+1.3621028166112945e-16j), (-0.001864191198562352-5.201545504906345e-17j), (8.876418940345957e-06+4.48366039541485e-17j), (-0.0018877313165833838+2.5570651036150426e-17j), (1.5604777241357197e-05+5.3342560632297946e-17j), (-0.002011543747832912+2.5150790073781e-17j), (-1.3637983260733937e-05-7.137790710936382e-17j), (-0.0030306894171477036-6.192633454255766e-17j), (-1.9270859790842645e-05+3.918707805727855e-18j)]"
C8B_v,"[(-6.0616385819142e-06+3.837372085682687e-05j), (0.0024787629573537703+1.6329271238923063e-06j), (0.0006339209255347575-5.69242950904846e-08j), (5.8479329219129396e-06-1.775609230205336e-05j), (2.6926754048043223e-05-9.588612721629968e-07j), (-5.468129617475154e-06+1.025125261829983e-05j), (-0.0003191503764377921-1.4855619342353877e-07j), (-3.995016723555921e-06+1.2470225705885232e-05j), (-0.0006646620067052901+6.492189760921253e-07j), (8.176910974244989e-05+1.615198592448964e-07j), (4.0658427957437276e-06-7.755723452775552e-06j), (0.00015564939627157746+1.2180536114310691e-07j), (4.543214354855823e-06-9.379860559573432e-06j), (0.0008997492741165511-4.86302044050798e-07j), (-3.4844707911203755e-06+6.003348756600222e-06j), (2.2807320541790336e-06-1.0736822999844633e-07j), (-3.321519753671334e-06+6.1101659870252364e-06j), (-6.872302187371559e-05-8.843718114390916e-08j), (-4.31993913107917e-06+7.0286534892568825e-06j), (-0.0010044643501864571+3.845905674388612e-07j), (-4.8199798693887405e-05+6.99147179598947e-08j), (3.1852392746058725e-06-4.928122641383847e-06j), (-4.163054272631231e-05+8.220899433765195e-08j), (2.7245207269019503e-06-4.877132590783624e-06j), (1.9576779072467824e-05+7.83728909050519e-08j), (4.086496351786924e-06-5.041371966209319e-06j), (0.0010618335875513458-3.164953871264427e-07j), (-3.2671591924164997e-06+4.32635665868358e-06j), (6.64641068965347e-05-5.616483527021989e-08j), (-3.272952140846856e-06+4.246030782921532e-06j), (6.128336040427229e-05-8.365511082802516e-08j), (-2.1442727548810413e-06+3.934522124218861e-06j), (1.724989061902243e-06-8.411853657889101e-08j), (-2.791776557955331e-06+3.2861978911817255e-06j), (-0.0011426671017833894+3.101806719798644e-07j)]"
C8B,"[(-0.09781196861821577+3.8373720856747165e-05j), (0.0024535622292990635+1.6329271238489132e-06j), (0.0006834181948468412-5.692429504580616e-08j), (0.03081909130931805-1.7756092301970087e-05j), (1.678575292377435e-05-9.58861272237696e-07j), (-0.00963926378893026+1.0251252618219561e-05j), (-0.00033401617060307986-1.4855619332351403e-07j), (-0.01727709254099374+1.2470225705816466e-05j), (-0.0006570031462912894+6.492189760408272e-07j), (6.240230000425129e-05+1.615198591979807e-07j), (0.005495087522932576-7.755723452764093e-06j), (0.0001738745883272098+1.2180536117056952e-07j), (0.011211686561338625-9.379860559476687e-06j), (0.0008943072827628134-4.8630204400589e-07j), (-0.003263920273087364+6.00334875666772e-06j), (1.7968796130549585e-05-1.0736823004868143e-07j), (-0.003689639307221443+6.1101659870172e-06j), (-8.977022509868099e-05-8.84371811378641e-08j), (-0.007577597909376126+7.028653489212679e-06j), (-0.0009954457394454374+3.8459056747656585e-07j), (-6.010961462759268e-05+6.991471796528838e-08j), (0.0023457638413979407-4.92812264138757e-06j), (-5.427806798240589e-05+8.220899437357934e-08j), (0.0026581112984053975-4.877132590793912e-06j), (3.743672542202846e-05+7.83728908904011e-08j), (0.005016222368599774-5.041371966094315e-06j), (0.0010484060736521827-3.1649538699023244e-07j), (-0.0018674583577547685+4.326356658631565e-06j), (7.534052583688065e-05-5.616483522538329e-08j), (-0.0018910042687242305+4.246030782947102e-06j), (7.688813764562949e-05-8.36551107746826e-08j), (-0.002013688020587793+3.934522124244012e-06j), (-1.1912994198831694e-05-8.411853665026891e-08j), (-0.003033481193705659+3.2861978911197993e-06j), (-0.0011619379615742322+3.1018067198378307e-07j)]"
C12_b,"[(0.2499991939143532+2.102584302552962e-17j), (-0.13398532720647546+8.348356728138384e-18j), (-0.0458132158861543-2.648434223620766e-17j), (-7.1025403221876e-07+3.47504644276498e-18j), (0.027080291704251892+1.9922214919421144e-17j), (3.988712433502598e-07+8.967883299165603e-17j), (0.009397371872950044-7.363088003892182e-17j), (8.772571801120139e-07+3.2745428153819775e-17j), (-0.012131908354572724+3.8299441743050444e-17j), (-0.0019121881013352629+2.2349050510627763e-17j), (-3.1934777143598207e-07-3.499017634121926e-17j), (-0.0042612502846172285+2.879912020664621e-19j), (-6.05142108858042e-07+1.6391924655084108e-18j), (0.007267730753477746-5.840697096404564e-17j), (9.950248088946217e-08-6.848365848664933e-17j), (0.0008868466924960728+6.12167651639628e-17j), (2.1852765096681085e-07-8.447377942653962e-18j), (0.002602934366949448-4.377466271410224e-18j), (3.8936251204798547e-07-5.126374155010386e-17j), (-0.005122284195994273-2.824346659324739e-17j), (-0.0004394697966120232+5.40179784545309e-17j), (7.141826975286007e-09-3.122991534050188e-17j), (-0.0005760837242493592-2.3587538240427315e-17j), (-2.3000489002476973e-07-2.0101994244549826e-17j), (-0.0019172990681514217-4.2613583595506035e-17j), (-1.8694006928428622e-07-1.0710808508807931e-16j), (0.003962892910200648-1.1460482831292772e-16j), (-8.483156395835498e-08+7.685433834283423e-17j), (0.00031982516628703225-5.2678673055639447e-17j), (4.557587134839478e-08-1.9793723611874195e-17j), (0.00048316210099053346-1.0883356932681054e-16j), (2.6716214154427923e-07-7.221230996382763e-17j), (0.001696799845491242-3.1407981684189457e-17j), (1.226160922242111e-07-2.1481423048244767e-17j), (-0.0024916359910991484+4.418801479236234e-17j)]"
C12_v,"[(-0.02270869106696341-4.245119841612065e-07j), (3.9305836736713774e-06+3.7972822455855924e-05j), (4.0364416081608907e-07+1.2144882374655012e-05j), (0.002820455868763753+5.393084985949631e-07j), (1.4725616217649827e-06-9.635782749348067e-06j), (7.735776658816604e-05-1.962005822564996e-07j), (-1.074333097531181e-07-2.555654856577382e-06j), (-0.0008012681501759177-3.635802979577464e-07j), (2.329292991064691e-06+5.617664393588853e-06j), (-5.761306420331193e-07+6.745105773530423e-07j), (-7.939500156914662e-05+2.783831056949672e-08j), (1.6896553002830775e-06+1.3174250882196209e-06j), (0.00032207729734235217+2.0922544264133122e-07j), (-3.396364035118418e-07-4.268767542938297e-06j), (3.8125212607312904e-05+1.5897965427571194e-08j), (3.257907698882052e-07-5.164273730406715e-07j), (4.7555093983085584e-05+7.357772086434693e-09j), (-6.73142891120124e-07-1.0164022047383083e-06j), (-0.00015391374498577504-1.193004010090585e-07j), (9.0475744162543e-08+3.606327211799833e-06j), (-3.376263179933931e-07+4.2903219742981395e-07j), (-2.110572674000163e-05-1.1210236353290367e-08j), (-6.161177604070967e-07+4.992015886193296e-07j), (-2.9494838647334235e-05-1.09390180943889e-08j), (5.92455448068458e-07+9.48264551466675e-07j), (7.870133384291518e-05+6.692192493931894e-08j), (2.1521214483471916e-06-3.1846935627809834e-06j), (1.290658946296816e-05+4.524000244992519e-09j), (-1.0634600979545502e-07-4.1882946504941767e-07j), (1.4099584781002942e-05+5.98699854373357e-09j), (3.224526080907167e-07-5.342410990703105e-07j), (1.9600329203309627e-05+9.149629362202806e-09j), (-1.046346563375018e-06-1.001662356671461e-06j), (-3.668813255076849e-05-3.292728255846655e-08j), (5.074693432300314e-06+2.67336431374606e-06j)]"
C12,"[(0.2272905028473898-4.2451198414018065e-07j), (-0.13398139662280178+3.797282245586427e-05j), (-0.04581281224199348+1.2144882374628527e-05j), (0.0028197456147315346+5.393084985984382e-07j), (0.027081764265873658-9.635782749328145e-06j), (7.77566378315163e-05-1.9620058216682075e-07j), (0.00939726443964029-2.555654856651013e-06j), (-0.0008003908929958057-3.6358029792500095e-07j), (-0.01212957906158166+5.617664393627153e-06j), (-0.001912764231977296+6.745105773753913e-07j), (-7.97143493405826e-05+2.7838310534506543e-08j), (-0.004259560629316946+1.3174250882199088e-06j), (0.00032147215523349414+2.092254426429704e-07j), (0.007267391117074235-4.268767542996704e-06j), (3.822471508820237e-05+1.5897965359087534e-08j), (0.000887172483265961-5.164273729794547e-07j), (4.77736216340524e-05+7.357772077987315e-09j), (0.002602261224058328-1.0164022047426858e-06j), (-0.00015352438247372705-1.1930040106032223e-07j), (-0.005122193720250111+3.6063272117715896e-06j), (-0.0004398074229300166+4.2903219748383194e-07j), (-2.1098584913026346e-05-1.1210236384520281e-08j), (-0.0005766998420097662+4.992015885957421e-07j), (-2.9724843537359004e-05-1.0939018114490894e-08j), (-0.0019167066127033533+9.482645514240614e-07j), (7.851439377363089e-05+6.692192483221086e-08j), (0.003965045031648995-3.184693562895588e-06j), (1.2821757899009805e-05+4.524000321846857e-09j), (0.0003197188202772368-4.1882946510209634e-07j), (1.4145160652351337e-05+5.986998523939846e-09j), (0.0004834845535986242-5.342410991791441e-07j), (1.9867491344853907e-05+9.149629289990496e-09j), (0.001695753498927867-1.001662356702869e-06j), (-3.656551645854428e-05-3.292728257994797e-08j), (-0.002486561297666848+2.673364313790248e-06j)]"
Cmut1_b,"[(-0.2905451453611172-6.114358935525527e-17j), (-0.3923219761927143+2.341734557496924e-17j), (-0.3912513464436334-5.625563651600026e-18j), (-0.3912235349771252-6.974838794269111e-19j), (-0.3913591739706877-6.702418958287446e-18j), (-0.3912236108504472+3.595156260675748e-18j), (-0.3912314446362423+3.766867507828847e-18j), (-0.39122356265184266+2.193385942323895e-18j), (-0.3912650166782999+2.0834895021142472e-18j), (-0.39122468465075755+1.6071314038616033e-19j), (-0.39122362003206584+6.216206306929326e-19j), (-0.3912266583228535-4.651071030145341e-19j), (-0.3912235984890605-3.223035258210053e-19j), (-0.391242433789709-2.628738191491772e-19j), (-0.3912236264515628-1.2521770542722706e-18j), (-0.3912239821897963-5.2462289290932895e-19j), (-0.39122362428483-3.829739207704426e-19j), (-0.3912252421582703-3.558584147946698e-19j), (-0.39122361506705194-1.9346936353690158e-18j), (-0.39123444854085554-1.3009574562269798e-18j), (-0.39122375148560196-4.0636741300214407e-20j), (-0.39122362799398464+8.744384994094219e-20j), (-0.39122381732314176-3.1931858457866906e-19j), (-0.3912236251638328-1.72946644695845e-21j), (-0.3912247394017684+2.154705747456604e-19j), (-0.3912236238228777+2.104094190343786e-18j), (-0.39123071535702536+2.07137188508533e-18j), (-0.3912236286282921+4.005448521565584e-19j), (-0.3912237038897694-1.6324722954153267e-19j), (-0.3912236275316922-4.1049094997079356e-19j), (-0.3912237784103083-1.902213338702368e-19j), (-0.39122362549528306-8.974996333377556e-19j), (-0.3912246640906594-6.5208315139919845e-19j), (-0.3912236262886513-5.280649158675354e-19j), (-0.3912271294060144-1.0738838675878686e-18j)]"
Cmut1_v,"[(6.945843289752418e-06+1.1112670298548898e-05j), (4.2548600149076445e-05+4.88378902006492e-06j), (-9.453779498123077e-05-7.961263069951339e-08j), (-1.0014889227857041e-05+1.6954612876333138e-06j), (2.7790138274076888e-05+1.3193355363643071e-06j), (-5.1195117386693485e-05-5.9119568988529216e-08j), (6.98728094393546e-06-1.639021828772964e-07j), (3.0950237465486714e-05+1.3861039024624039e-06j), (-1.0214633028445957e-05+1.2168408398833577e-06j), (4.121126170430539e-05-8.322824547048834e-08j), (1.8860488324203088e-05-9.499020468755532e-09j), (-2.9179970705770704e-05-1.1339436753009527e-07j), (-4.1314902627046604e-05+1.255693303185335e-06j), (-6.835164707285613e-06+1.1736237812948524e-06j), (4.052603022715047e-05+4.392811742752401e-09j), (-4.79673925736548e-07-4.580978477831399e-08j), (-3.6807827764474066e-05+1.4465209864310996e-08j), (-1.9239067499766346e-07-6.870820609084321e-08j), (3.4325687960129966e-05+1.1593785740822842e-06j), (-1.3957698816209857e-05+1.1239262752740724e-06j), (-3.8142416434472607e-06-2.5631665583937972e-08j), (-1.7590268920391383e-05+1.8162320829893365e-08j), (2.3525300620867513e-06-2.1237708219000257e-08j), (3.0739266146071177e-05+3.875176863037229e-08j), (2.7530180578509884e-05-3.3026656077558543e-08j), (-3.989413504731326e-05+1.0826165727442277e-06j), (-7.649280381924395e-05+1.072292782322516e-06j), (-2.1580297391805345e-05+2.2813207529218414e-08j), (1.8732896877217575e-06-1.3804952877417132e-08j), (1.9032717901184477e-05+3.176796080875675e-08j), (1.187050397008261e-05-3.2881923573404557e-09j), (-1.2256149071712837e-05+6.503944209096131e-08j), (-2.4825922241636666e-06-5.186445173825265e-09j), (1.1532596246595656e-05+1.020767206818839e-06j), (3.5760227549305465e-05+9.613299471638256e-07j)]"
Cmut1,"[(-0.29053819951782744+1.1112670298487754e-05j), (-0.39227942759256523+4.883789020088337e-06j), (-0.39134588423861466-7.961263070513896e-08j), (-0.39123354986635306+1.6954612876326163e-06j), (-0.3913313838324136+1.3193355363576048e-06j), (-0.3912748059678339-5.911956898493406e-08j), (-0.39122445735529837-1.6390218287352955e-07j), (-0.3911926124143772+1.3861039024645973e-06j), (-0.39127523131132835+1.2168408398854412e-06j), (-0.39118347338905324-8.322824547032763e-08j), (-0.3912047595437416-9.49902046813391e-09j), (-0.3912558382935593-1.1339436753056037e-07j), (-0.39126491339168756+1.2556933031850128e-06j), (-0.3912492689544163+1.1736237812945896e-06j), (-0.39118310042133564+4.392811741500224e-09j), (-0.39122446186372206-4.580978477883862e-08j), (-0.3912604321125945+1.4465209863928022e-08j), (-0.3912254345489453-6.870820609119907e-08j), (-0.3911892893790918+1.1593785740803496e-06j), (-0.3912484062396718+1.1239262752727714e-06j), (-0.39122756572724543-2.563166558397861e-08j), (-0.39124121826290503+1.8162320829980808e-08j), (-0.3912214647930797-2.1237708219319575e-08j), (-0.39119288589768675+3.875176863037056e-08j), (-0.3911972092211899-3.302665607734307e-08j), (-0.39126351795792497+1.0826165727463317e-06j), (-0.3913072081608446+1.0722927823245874e-06j), (-0.3912452089256839+2.2813207529618958e-08j), (-0.3912218306000817-1.380495287758038e-08j), (-0.39120459481379105+3.176796080834626e-08j), (-0.39121190790633825-3.288192357530677e-09j), (-0.39123588164435474+6.503944209006382e-08j), (-0.3912271466828836-5.186445174477348e-09j), (-0.3912120936924047+1.0207672068183108e-06j), (-0.3911913691784651+9.613299471627518e-07j)]"
Cmut2_b,"[(-0.4890298502579206-8.478777388658492e-17j), (-0.3912371340297126-2.3498039997425652e-17j), (-0.3912145574021965+7.956338795331182e-18j), (-0.3912235403776142+6.1778770588814806e-18j), (-0.39122252943346114+7.84800821442067e-18j), (-0.3912236125479594-4.82563371455708e-18j), (-0.3912230691209518-4.006235934787001e-18j), (-0.3912235673067403-3.585638635148263e-19j), (-0.39122325625216503-2.732084713704159e-18j), (-0.39122377605046815-5.964563455482837e-19j), (-0.3912236209043535-1.4322349492369649e-18j), (-0.3912233172701163+2.225557930951881e-19j), (-0.39122360079087815-1.890788193957293e-18j), (-0.3912234697148239-1.547666231082346e-18j), (-0.3912236266208498+1.6425229799599307e-18j), (-0.39122368357016657-7.007412605901279e-20j), (-0.39122362469628613+1.5412882733465784e-19j), (-0.3912234087805812-3.045783926128254e-19j), (-0.39122361612353346+1.6108780282544881e-18j), (-0.3912234431349865+5.319108749951818e-19j), (-0.39122364885455313-2.1748161092470776e-19j), (-0.3912236279854568-1.8823270589936276e-18j), (-0.3912236570626694-1.5947345835444227e-19j), (-0.3912236254755278-2.6300388452482574e-19j), (-0.3912234909471016-3.560415664375998e-19j), (-0.3912236241706595-9.330237471598865e-19j), (-0.39122341507133707-2.406425034462375e-18j), (-0.3912236285511046+6.504258353624082e-19j), (-0.3912236392741443-2.999485591197493e-19j), (-0.3912236275743956-1.1773103188543247e-19j), (-0.3912236580770834-3.464538284824085e-19j), (-0.39122362576890224-6.498526926237782e-20j), (-0.391223535354824+2.3821549894293226e-19j), (-0.3912236264320904-1.0216929279066924e-18j), (-0.39122381998240696-2.0934290626638963e-19j)]"
Cmut2_v,"[(1.2167690135009355e-05-7.256971680475562e-06j), (4.084101543861695e-05+1.5062417267589064e-06j), (-9.433763611087276e-05-1.047379881063132e-07j), (-9.519437631682823e-06+1.2471630807066504e-06j), (2.8120169580838428e-05+1.2306126689902661e-06j), (-5.11538948908674e-05+3.3421471139508106e-08j), (7.17835423034016e-06-1.6462214348195383e-07j), (3.091933105156526e-05+1.3749075023775678e-06j), (-9.945549652158119e-06+1.2143781187797408e-06j), (4.132436189618357e-05-8.139603851291175e-08j), (1.8848635593726315e-05-5.950464207712775e-09j), (-2.905341017921899e-05-1.1349487620543595e-07j), (-4.137411443370385e-05+1.2554121012264797e-06j), (-6.660773217120188e-06+1.1735541918832703e-06j), (4.051772976238376e-05+4.104438296651759e-09j), (-4.091223442538329e-07-4.571079941323662e-08j), (-3.681654031570782e-05+1.4569162020747968e-08j), (-1.0693497768675506e-07-6.871385514689955e-08j), (3.429019721185387e-05+1.1593715832507753e-06j), (-1.3840848778773953e-05+1.1239242989706258e-06j), (-3.768921687332797e-06-2.5642022420949947e-08j), (-1.759133637959061e-05+1.8145486290265225e-08j), (2.401781369751939e-06-2.123362539135331e-08j), (3.0737476638562495e-05+3.8754551329525765e-08j), (2.7592186095391676e-05-3.3026898603992774e-08j), (-3.990896618717922e-05+1.0826164020265553e-06j), (-7.640135677009828e-05+1.0722927261245646e-06j), (-2.1577655987553835e-05+2.2814136747386528e-08j), (1.9082585588543905e-06-1.3805790212318915e-08j), (1.903560260870453e-05+3.1767329415739214e-08j), (1.1910711977285657e-05-3.2880412712518086e-09j), (-1.225317430557482e-05+6.503951301580804e-08j), (-2.433470986457608e-06-5.186454303551776e-09j), (1.1532174879987325e-05+1.020767202806357e-06j), (3.590612167547831e-05+9.613299455932472e-07j)]"
Cmut2,"[(-0.4890176825677856-7.25697168056035e-06j), (-0.391196293014274+1.5062417267354084e-06j), (-0.3913088950383074-1.0473798809835686e-07j), (-0.39123305981524586+1.2471630807128282e-06j), (-0.3911944092638803+1.2306126689981141e-06j), (-0.39127476644285025+3.3421471134682474e-08j), (-0.3912158907667214-1.6462214348596005e-07j), (-0.39119264797568876+1.3749075023772092e-06j), (-0.3912332018018172+1.2143781187770087e-06j), (-0.39118245168857196-8.139603851350821e-08j), (-0.39120477226875977-5.9504642091450105e-09j), (-0.3912523706802955-1.134948762052134e-07j), (-0.39126497490531187+1.255412101224589e-06j), (-0.391230130488041+1.1735541918817226e-06j), (-0.3911831088910874+4.1044382982942814e-09j), (-0.39122409269251085-4.571079941330669e-08j), (-0.39126044123660186+1.4569162020902096e-08j), (-0.3912235157155589-6.871385514720413e-08j), (-0.3911893259263216+1.1593715832523862e-06j), (-0.3912372839837653+1.1239242989711578e-06j), (-0.3912274177762405-2.564202242116743e-08j), (-0.39124121932183636+1.81454862883829e-08j), (-0.3912212552812997-2.1233625391512783e-08j), (-0.39119288799888924+3.875455132926276e-08j), (-0.39119589876100624-3.302689860434881e-08j), (-0.39126353313684664+1.0826164020256223e-06j), (-0.3912998164281072+1.0722927261221582e-06j), (-0.39124520620709213+2.2814136748036953e-08j), (-0.39122173101558544-1.3805790212618864e-08j), (-0.3912045919717869+3.176732941562148e-08j), (-0.39121174736510617-3.2880412715982625e-09j), (-0.3912358789432078+6.503951301574306e-08j), (-0.39122596882581046-5.186454303313561e-09j), (-0.39121209425721043+1.0207672028053353e-06j), (-0.3911879138607315+9.613299455930377e-07j)]"
C4_b,"[(0.2500268111002168+1.1347395917920006e-17j), (-0.12964286335853706+3.904149461894274e-18j), (-0.045133944908057964-2.5581663320450862e-17j), (-9.330778541476324e-06-6.146140956113371e-19j), (0.025550608849853974+2.1291013779634502e-17j), (2.7391798902156267e-06+1.0542795523124928e-16j), (0.009030929150201652-7.703012201921076e-17j), (5.238785437679409e-06+3.9608368377814416e-17j), (-0.011332352119460268+3.849822309531472e-17j), (-0.0017578409716804755+2.251750379981392e-17j), (-1.2720295919189494e-06-3.923610151228236e-17j), (-0.004024231615830172+4.7505032861862575e-19j), (-3.317086577920655e-06-6.119502942545377e-18j), (0.006759831518674392-6.232148260697907e-17j), (5.585660610189924e-07-7.847714253472407e-17j), (0.0007988024531955949+6.315248827411216e-17j), (7.623580479660883e-07-5.982960737283567e-18j), (0.0024273293295704592-7.496467954452e-18j), (2.242190420060421e-06-5.853990639587562e-17j), (-0.004759110951089172-2.0192610445565017e-17j), (-0.0003916369229802239+4.537484259428857e-17j), (-3.5349770783201646e-07-3.10042714421116e-17j), (-0.0005145318633086051-2.3380909930385114e-17j), (-5.548993471070544e-07-1.8318778660533232e-17j), (-0.0017705070077667596-3.831009636316758e-17j), (-1.4904075777947585e-06-1.1201263029063947e-16j), (0.0036882889416945713-1.1353717454627285e-16j), (2.5071574338730203e-07+7.606467972640478e-17j), (0.0002853030790447988-4.9611989105362584e-17j), (2.9798520252443166e-07-2.5651032992205858e-17j), (0.0004296771393534114-1.1499898196589673e-16j), (4.574689762094543e-07-7.611680400053722e-17j), (0.0015523869330817573-2.267285397923843e-17j), (9.292326836041864e-07-2.59843264652565e-17j), (-0.002327921892201407+5.668245764771671e-17j)]"
C4_v,"[(-0.014450687602810229-7.416409205134075e-07j), (1.8632666173112656e-05+3.784062953877807e-05j), (-1.171236761097563e-05+1.1962875738491804e-05j), (0.0024826582784391706+4.982780054783914e-07j), (-3.633613496063965e-06-9.112016669977568e-06j), (7.927170996667208e-05-1.8463589819750216e-07j), (-3.454105486807137e-07-2.4471577000194334e-06j), (-0.0007550517963462325-3.3965493071138426e-07j), (1.8153341200063806e-06+5.273031219217345e-06j), (4.8034382051951675e-08+6.12983023946914e-07j), (-7.676505970448231e-05+2.602217242658713e-08j), (7.944497898509765e-07+1.2297910136419002e-06j), (0.0003103973858681423+1.9589549530751745e-07j), (1.745147944497896e-07-4.006628930699951e-06j), (3.610302813015696e-05+1.4492427323011472e-08j), (3.3580728798032083e-07-4.657528876523428e-07j), (4.530647006579528e-05+6.781669865370817e-09j), (-5.575324948271846e-07-9.339019196624584e-07j), (-0.00014904563932753028-1.1189699849066114e-07j), (2.7441972027522992e-08+3.3914339125058384e-06j), (-1.5712272198564887e-07+3.8808300405477345e-07j), (-1.967523445639326e-05-9.814341078607813e-09j), (-3.8114176390014723e-07+4.500648380022313e-07j), (-2.7739832451403372e-05-1.0020960011226722e-08j), (7.223014581900482e-07+8.629789380537785e-07j), (7.60306350805953e-05+6.287297453884113e-08j), (7.976757072367588e-08-3.005172337565526e-06j), (1.1893179473370984e-05+3.326388978378028e-09j), (5.695282912486292e-08-3.7985320491873644e-07j), (1.2950851567513622e-05+4.9362352098611626e-09j), (3.164001256769282e-07-4.810593272247698e-07j), (1.814032953094353e-05+8.488157488812808e-09j), (-3.5373260794598467e-07-9.053141755166716e-07j), (-3.557101735857418e-05-3.090554394793854e-08j), (-9.373653275384224e-07+2.537249747382743e-06j)]"
C4,"[(0.23557612349740656-7.416409205020602e-07j), (-0.12962423069236395+3.7840629538781975e-05j), (-0.04514565727566894+1.1962875738466222e-05j), (0.0024733274998976944+4.982780054777768e-07j), (0.025546975236357912-9.112016669956277e-06j), (8.20108898568877e-05-1.846358980920742e-07j), (0.00903058373965297-2.4471577000964634e-06j), (-0.0007498130109085531-3.396549306717759e-07j), (-0.011330536785340262+5.273031219255844e-06j), (-0.0017577929372984235+6.129830239694316e-07j), (-7.803708929640126e-05+2.6022172387351027e-08j), (-0.004023437166040321+1.2297910136423751e-06j), (0.00030708029929022167+1.9589549530139795e-07j), (0.006760006033468841-4.0066289307622725e-06j), (3.666159419117595e-05+1.449242724453433e-08j), (0.0007991382604835753-4.657528875891903e-07j), (4.606882811376137e-05+6.781669859387856e-09j), (0.002426771797075632-9.339019196699548e-07j), (-0.00014680344890746986-1.1189699854920104e-07j), (-0.004759083509117145+3.391433912485646e-06j), (-0.00039179404570220954+3.880830041001483e-07j), (-2.0028732164225276e-05-9.814341109612084e-09j), (-0.0005149130050725052+4.500648379788504e-07j), (-2.8294731798510428e-05-1.00209600295455e-08j), (-0.0017697847063085695+8.629789380154684e-07j), (7.454022750280055e-05+6.28729744268285e-08j), (0.003688368709265295-3.0051723376790633e-06j), (1.2143895216758286e-05+3.326389054442708e-09j), (0.00028536003187392366-3.798532049683484e-07j), (1.3248836770038053e-05+4.93623518421013e-09j), (0.00042999353947908834-4.810593273397688e-07j), (1.8597798507152986e-05+8.488157412696003e-09j), (0.0015520332004738114-9.053141755393444e-07j), (-3.4641784674969995e-05-3.0905543973922866e-08j), (-0.0023288592575289456+2.5372497474394256e-06j)]"
Cmu1_b,"[(-0.536586485767746-8.097817854641232e-17j), (-0.4388041363021824-2.200909466684313e-17j), (-0.43878213189590254+8.571099131666026e-18j), (-0.4387899178778071+6.54507851660707e-18j), (-0.43879003148899515+8.126747062376648e-18j), (-0.4387909623692101-4.421505447686684e-18j), (-0.438790530916272-3.1238688507133227e-18j), (-0.4387907059638004+1.1935538345389108e-18j), (-0.4387907207523953-1.8319825435242522e-18j), (-0.43879120409909406+1.6781384393182119e-19j), (-0.4387910399850392-7.788670296628288e-19j), (-0.43879077455443116+9.319525202610998e-19j), (-0.43879091922374835-1.4432394158849262e-18j), (-0.4387909207762288-7.204711721319511e-19j), (-0.4387910606393323+2.5000099569481953e-18j), (-0.43879111805066373+6.478931234912094e-19j), (-0.4387910566828313+8.790691876777777e-19j), (-0.43879086357003266+4.358862566461053e-19j), (-0.43879100000108223+2.3708442282209526e-18j), (-0.4387908962417309+1.2128703418714896e-18j), (-0.4387910865813021+5.180008635734061e-19j), (-0.4387910646116228-1.0729974720054917e-18j), (-0.4387910939542264+5.67703087489455e-19j), (-0.4387910620301179+5.072238769973675e-19j), (-0.43879094143936676+3.884435244523633e-19j), (-0.43879103804350633-2.288438716350366e-19j), (-0.43879086982580334-1.5207230721804268e-18j), (-0.43879106605447915+1.3656548506551002e-18j), (-0.43879107805388606+4.422034630222119e-19j), (-0.4387910656739435+6.68240655036405e-19j), (-0.43879109474407163+4.0037410986954005e-19j), (-0.438791064243132+7.34238928618116e-19j), (-0.4387909832382994+9.324950350016952e-19j), (-0.4387910566591448-2.757398209259854e-19j), (-0.438791247368233+5.233567756532346e-19j)]"
Cmu1_v,"[(0.008103602652102948-1.1028936420742336e-05j), (-0.003503160905391181-0.00010960377548736779j), (-0.0007752433304159922-2.0736348659223172e-07j), (0.0016452477194909344+7.69148799417871e-06j), (-0.001075937816333915-9.817184969990396e-05j), (0.0005120897805785155+4.555265866839832e-06j), (-0.0004182944400108244-5.567927548991821e-07j), (0.0004076119627320322+6.106960883985974e-06j), (-0.0003513308238090688-8.786867399857638e-05j), (-0.000280167016077839-8.314670207657593e-07j), (-2.1407485359546723e-05+2.918015029322388e-06j), (-5.96614559264012e-06-1.066559587730589e-06j), (0.00038847278445009923+4.372869377297091e-06j), (-0.0001655322940175928-7.963124625715648e-05j), (-0.00015331395116915245+1.953737094565712e-06j), (-3.687996536899182e-05-1.15400719879065e-06j), (0.0001914563669114717+1.94702983241391e-06j), (-5.411454173635592e-05-1.7003313467915392e-06j), (-8.514838231833887e-05+3.0559033815810177e-06j), (-4.175513002949048e-05-7.282153483085641e-05j), (9.870217155808782e-06-1.2778633850741712e-06j), (8.832334649560192e-05+1.4244063362547462e-06j), (-1.3642472046820729e-05-1.5183951649459763e-06j), (-0.00012640088686241454+1.3240939989583915e-06j), (-0.00014522607517482102-2.448703062597959e-06j), (0.00020102383267555073+2.1091808293639585e-06j), (0.00028931127185524166-6.691473491960739e-05j), (0.0001136918376391503+1.1824870052056525e-06j), (-2.147831901089607e-05-1.437565371636769e-06j), (-8.273222032228333e-05+1.1196322136368857e-06j), (-6.13117286538772e-05-1.955691504722475e-06j), (4.333695379827822e-05+9.243437396400787e-07j), (-1.4804491974584499e-05-3.3772548133312794e-06j), (-7.218581767718169e-05+1.4746541818253116e-06j), (-0.00024253608687746704-6.160353282884017e-05j)]"
Cmu1,"[(-0.5284828831156431-1.1028936420823314e-05j), (-0.44230729720757356-0.0001096037754873898j), (-0.43955737522631855-2.0736348658366062e-07j), (-0.43714467015831615+7.691487994185256e-06j), (-0.43986596930532906-9.817184969989583e-05j), (-0.4382788725886316+4.555265866835411e-06j), (-0.43920882535628286-5.56792754902306e-07j), (-0.43838309400106834+6.106960883987168e-06j), (-0.43914205157620434-8.786867399857821e-05j), (-0.4390713711151719-8.314670207655915e-07j), (-0.43881244747039877+2.918015029321609e-06j), (-0.4387967407000238-1.066559587729657e-06j), (-0.43840244643929827+4.372869377295648e-06j), (-0.4389564530702464-7.96312462571572e-05j), (-0.43894437459050145+1.953737094568212e-06j), (-0.4388279980160327-1.154007198790002e-06j), (-0.4385996003159198+1.947029832414789e-06j), (-0.43884497811176904-1.7003313467911034e-06j), (-0.43887614838340056+3.0559033815833886e-06j), (-0.43883265137176036-7.282153483085521e-05j), (-0.4387812163641463-1.2778633850736533e-06j), (-0.4387027412651272+1.4244063362536732e-06j), (-0.4388047364262732-1.5183951649454086e-06j), (-0.4389174629169803+1.3240939989588987e-06j), (-0.43893616751454156-2.4487030625975706e-06j), (-0.43859001421083077+2.10918082936373e-06j), (-0.4385015585539481-6.691473491960891e-05j), (-0.43867737421684+1.1824870052070181e-06j), (-0.43881255637289696-1.4375653716363268e-06j), (-0.4388737978942658+1.119632213637554e-06j), (-0.4388524064727255-1.9556915047220747e-06j), (-0.43874772728933376+9.24343739640813e-07j), (-0.438805787730274-3.377254813330347e-06j), (-0.438863242476822+1.4746541818250359e-06j), (-0.43903378345511046-6.160353282883964e-05j)]"
Cmu2_b,"[(-0.3381014635052674-6.431301828460381e-17j), (-0.4398538187355945+2.3352209399925212e-17j), (-0.43881837546748587-4.809548111146807e-18j), (-0.4387898469302807+5.702852718343095e-19j), (-0.43891895739423564-5.614108654465836e-18j), (-0.4387909507118362+5.006098648126297e-18j), (-0.4387985798352898+4.351634208904121e-18j), (-0.4387906781657835+3.4381470335768302e-18j), (-0.4388297289479559+2.6753774746771376e-18j), (-0.4387920393593984+8.651505214333469e-19j), (-0.43879103651053347+1.4623673247251634e-18j), (-0.43879392977159926+2.833123969482967e-19j), (-0.4387909066063346+7.904417268285984e-19j), (-0.43880855956273296+4.951344552846814e-19j), (-0.43879105968902465-6.637873556276117e-19j), (-0.4387913870239765+2.3607870750733607e-19j), (-0.4387910552474207+3.93824618765374e-19j), (-0.43879257326025517+3.898001457934608e-19j), (-0.43879099391720755-1.4398065803537001e-18j), (-0.43880112135724353-4.77241633979182e-19j), (-0.4387911780417585+6.725092148730355e-19j), (-0.4387910641895194+8.209722162000749e-19j), (-0.4387912370916143+4.2402270481314268e-19j), (-0.43879106127813666+7.127992919348136e-19j), (-0.4387920943099716+9.169045678568891e-19j), (-0.4387910352707641+2.9470971265862783e-18j), (-0.43879766424684513+2.659221762793669e-18j), (-0.43879106582635524+1.12978324711902e-18j), (-0.43879113569486855+5.647146816976333e-19j), (-0.43879106539473917+2.7566820374949054e-19j), (-0.43879120175667824+5.455587170678467e-19j), (-0.4387910637746064-1.9704273477528008e-19j), (-0.43879201590857364+1.1496802798855071e-19j), (-0.43879105557210735+1.477051167956615e-19j), (-0.4387943393446268-2.617254247720779e-19j)]"
Cmu2_v,"[(0.008099114217708913+1.4875002879568251e-05j), (-0.0035080824479363955-0.00010410503834127806j), (-0.0007749934128918428-4.4319112844331926e-07j), (0.0016445947612333757+8.226773352857819e-06j), (-0.0010786625737574211-9.804324081403657e-05j), (0.0005120676047571198+4.408530106722824e-06j), (-0.00041848799510796407-5.588829972700896e-07j), (0.00040765530901340936+6.119316576458916e-06j), (-0.00035276625544314105-8.786529923163596e-05j), (-0.0002802864599493697-8.337243462113003e-07j), (-2.1386573140539912e-05+2.913096310585862e-06j), (-6.11524336202921e-06-1.0664542418973846e-06j), (0.0003885518311095552+4.373162272719685e-06j), (-0.00016638850443236348-7.963115417381217e-05j), (-0.0001533045711667094+1.9542567535127304e-06j), (-3.695531021532917e-05-1.1541360867293675e-06j), (0.00019146828633010766+1.946896991399985e-06j), (-5.42283197721151e-05-1.7003240206077575e-06j), (-8.510035494131806e-05+3.0559102822924365e-06j), (-4.231911733589809e-05-7.282153227766385e-05j), (9.82549996382352e-06-1.2778484101532197e-06j), (8.832417087440018e-05+1.4244327009895815e-06j), (-1.3694054903377805e-05-1.5184005509619552e-06j), (-0.00012639730171242592+1.324090642893552e-06j), (-0.00014531813594850117-2.4487027403351956e-06j), (0.00020104797725201777+2.1091809882314616e-06j), (0.00028890726581216864-6.69147348483135e-05j), (0.00011368873272443404+1.1824849373080561e-06j), (-2.1510496038177197e-05-1.4375642036646848e-06j), (-8.27352532952046e-05+1.119633136494582e-06j), (-6.135232370826915e-05-1.955691704784008e-06j), (4.3336057249790825e-05+9.243436579094936e-07j), (-1.4888078257584651e-05-3.3772548011478654e-06j), (-7.217636856932698e-05+1.4746541852996565e-06j), (-0.00024280997477977776-6.160353282689895e-05j)]"
Cmu2,"[(-0.33000234928755845+1.4875002879503938e-05j), (-0.44336190118353086-0.00010410503834125471j), (-0.4395933688803777-4.431911284481288e-07j), (-0.43714525216904737+8.22677335285839e-06j), (-0.4399976199679931-9.804324081404218e-05j), (-0.4382788831070791+4.40853010672783e-06j), (-0.43921706783039777-5.58882997265738e-07j), (-0.43838302285677005+6.119316576462354e-06j), (-0.439182495203399-8.786529923163329e-05j), (-0.4390723258193478-8.337243462104351e-07j), (-0.438812423083674+2.9130963105873242e-06j), (-0.4388000450149613-1.0664542418971013e-06j), (-0.43840235477522504+4.3731622727204755e-06j), (-0.4389749480671653-7.963115417381167e-05j), (-0.43894436426019134+1.9542567535120668e-06j), (-0.4388283423341918-1.1541360867291314e-06j), (-0.4385995869610906+1.946896991400379e-06j), (-0.4388468015800273-1.7003240206073677e-06j), (-0.43887609427214885+3.0559102822909965e-06j), (-0.4388434404745794-7.282153227766433e-05j), (-0.4387813525417947-1.2778484101525472e-06j), (-0.438702740018645+1.4244327009904025e-06j), (-0.43880493114651764-1.5184005509615313e-06j), (-0.4389174585798491+1.3240906428942649e-06j), (-0.4389374124459201-2.4487027403342787e-06j), (-0.43858998729351206+2.109180988234409e-06j), (-0.438508756981033-6.691473484831084e-05j), (-0.4386773770936308+1.1824849373091859e-06j), (-0.4388126461909067-1.43756420366412e-06j), (-0.4388738006480344+1.1196331364948578e-06j), (-0.4388525540803865-1.9556917047834624e-06j), (-0.43874772771735665+9.243436579092966e-07j), (-0.4388069039868312-3.3772548011477506e-06j), (-0.43886323194067667+1.4746541852998043e-06j), (-0.43903714931940657-6.16035328268992e-05j)]"
C10_b,"[(0.039387928199620524+4.9578330972897655e-18j), (2.065836367610527e-07+3.512784670424516e-19j), (-2.994750041361921e-08-3.2830596200802154e-20j), (0.004032115508472482-8.345272944303662e-19j), (-5.0759152902662816e-08-3.7627634906787224e-19j), (0.0004122394847277544+8.086101176009964e-18j), (-1.2365341932554039e-08+8.944595117444527e-20j), (0.0012850940153824372-1.7120901143557066e-18j), (-2.612867856225244e-08+1.7639256676780308e-19j), (1.0702677143605894e-08+2.1968528017827757e-20j), (0.00013560381598880624+2.7742836434785253e-19j), (-1.2960914523167228e-08-2.0483168587616285e-20j), (0.0005450295739749412+2.760864003740005e-18j), (-1.4081615265702486e-08+1.1607488230895887e-19j), (4.806885815757816e-05-2.1867787765601953e-18j), (6.266957170001836e-09-1.5509144412969023e-20j), (6.129656188442002e-05-3.5640349410613265e-19j), (-1.3052665553808723e-08+2.8101997829439197e-21j), (0.00024996720281908675-1.9931873256221103e-18j), (-1.9051457698439843e-08-8.140820935570633e-20j), (3.348719359189981e-09-6.5750046959776855e-21j), (2.474791648953853e-05+9.035844121274407e-20j), (4.158248948088357e-09-1.0295531569726575e-20j), (3.18028080721202e-05-1.7527735109558061e-19j), (-1.0353643433095091e-08+1.2989270832049711e-20j), (0.0001098105612576019+1.2021525262171506e-18j), (-2.401444626121842e-08+2.50750937000016e-19j), (1.5597045359523568e-05+1.741095306691415e-19j), (2.108503550719942e-09+8.79872905000761e-21j), (1.602287258289831e-05-3.425909999958022e-19j), (4.860461086098782e-09+1.6021746313098112e-20j), (1.824539393928425e-05-4.415133994810893e-19j), (-8.3282056614799e-09-4.703413902478433e-20j), (4.028568258855755e-05-1.7985735671133736e-19j), (2.7081272908265985e-08+1.4035812018230562e-21j)]"
C10_v,"[(-0.008450847457919332+6.002776993434796e-07j), (-0.0014024436248776925+1.266901823867786e-07j), (-0.0007573348606955873+1.280010327096916e-08j), (-0.004934032988652381+3.6140354295879387e-08j), (0.0005412752190335612+3.873359166262481e-08j), (-0.0019295402702126194+3.4454070724363058e-09j), (-8.72491933631429e-05+5.570064544792926e-10j), (-0.0026097164467836446+1.0023437943126835e-08j), (0.0008958367004079108+3.0409379390990425e-08j), (9.877365069523149e-05+2.6388178350143934e-10j), (-0.0013979286247624712+8.327259333205369e-10j), (7.257188881597383e-05+4.0218691766451144e-10j), (-0.0021090078128972573+4.121305819978269e-09j), (0.0009872508073704186+2.5160030475509154e-08j), (-0.0011136362161244758+9.640095025582631e-11j), (0.00013825915810749683+3.995048895324275e-10j), (-0.001588447664447087+2.413409901887035e-10j), (0.00012464261707392305+6.479456172613044e-10j), (-0.00135124628986142+1.9259922968606905e-09j), (0.0010140017256026863+2.1211291409942874e-08j), (0.00014969341219244197+3.5952647626550844e-10j), (-0.0013338059069981378-1.0321416951980708e-11j), (0.000149642429002761+4.649374911244851e-10j), (-0.0011594863676355337+7.359160325723544e-11j), (0.00014533592339453782+9.097415305829659e-10j), (-0.001605696578414725+9.486902524077785e-10j), (0.0010241372177631292+1.7988661487455203e-08j), (-0.0012716647477946236-2.225595216775312e-11j), (0.00015225271152348165+3.5080306975207794e-10j), (-0.0011536471652329764-1.8132902737495666e-11j), (0.00015396046268440606+5.557186830856715e-10j), (-0.0014028235157089574+2.986973114755802e-11j), (0.00015518684812185557+1.2255074860655196e-09j), (-0.001358259370699947+4.789365680992853e-10j), (0.001029310832946489+1.430388149800593e-08j)]"
C10,"[(0.030937080741701192+6.002776993484374e-07j), (-0.0014022370412409314+1.2669018238712987e-07j), (-0.000757364808196001+1.280010327093633e-08j), (-0.0009019174801798988+3.614035429504486e-08j), (0.0005412244598806585+3.8733591662248534e-08j), (-0.001517300785484865+3.445407080522407e-09j), (-8.726155870507545e-05+5.570064545687386e-10j), (-0.0013246224314012074+1.0023437941414745e-08j), (0.0008958105717293486+3.040937939116682e-08j), (9.87843533723751e-05+2.6388178352340786e-10j), (-0.001262324808773665+8.327259335979653e-10j), (7.255892790145067e-05+4.021869176440283e-10j), (-0.0015639782389223161+4.121305822739133e-09j), (0.0009872367257551529+2.5160030475625227e-08j), (-0.0010655673579668978+9.640094806904753e-11j), (0.00013826542506466683+3.995048895169184e-10j), (-0.001527151102562667+2.413409898323e-10j), (0.00012462956440836923+6.479456172641147e-10j), (-0.0011012790870423331+1.9259922948675033e-09j), (0.0010139826741449877+2.1211291409861466e-08j), (0.00014969676091180115+3.5952647625893344e-10j), (-0.0013090579905085994-1.0321416861622267e-11j), (0.0001496465872517091+4.649374911141895e-10j), (-0.0011276835595634136+7.359160308195809e-11j), (0.00014532556975110474+9.097415305959552e-10j), (-0.001495886017157123+9.48690253609931e-10j), (0.001024113203316868+1.7988661487705955e-08j), (-0.0012560677024351-2.2255951993643587e-11j), (0.00015225482002703236+3.5080306976087666e-10j), (-0.001137624292650078-1.8132903080086666e-11j), (0.00015396532314549216+5.557186831016932e-10j), (-0.0013845781217696731+2.986973070604462e-11j), (0.0001551785199161941+1.2255074860184855e-09j), (-0.0013179736881113895+4.789365679194279e-10j), (0.0010293379142193972+1.4303881498007332e-08j)]"
C1_b,"[(1.0201504022842234+1.4164002640899052e-17j), (0.7029213170803624-2.709536180715888e-19j), (0.7620021132277093-1.6956080602138403e-17j), (0.7701504048113099-1.733890658009759e-18j), (0.7675390707091707-1.1392114582931249e-18j), (0.7701504051295512-1.731793546015502e-18j), (0.7698241744342998+3.4895159933904616e-18j), (0.7701504050497842-1.7330780205101713e-18j), (0.7696367163413259+1.332837955307865e-19j), (0.7701380451400368-1.1848780342089742e-18j), (0.7701504051530914-1.7319410044056666e-18j), (0.7700856273991723-9.466536280914598e-19j), (0.7701504051155514-1.7315437177426862e-18j), (0.7699676238709202-5.437963824698995e-19j), (0.7701504051583157-1.7322045616221027e-18j), (0.7701478528181267-2.2408548343491325e-18j), (0.7701504051572389-1.7320976184663613e-18j), (0.7701268374488669-1.7939902994355398e-18j), (0.770150405139454-1.7320668075159856e-18j), (0.7700598086113846-3.011393718362416e-18j), (0.7701497916416459-1.1302137170870496e-18j), (0.7701504051590639-1.7318435789719874e-18j), (0.7701493461874103-1.765977475835935e-18j), (0.770150405158332-1.7320796627524936e-18j), (0.7701378663793055-1.8833528800995447e-18j), (0.7701504051506785-1.7324889156148685e-18j), (0.770095991258294+1.2073451458263185e-18j), (0.7701504051593122-1.7322296950272015e-18j), (0.770150079568176-1.6766991296500734e-18j), (0.7701504051592085-1.7320331389843772e-18j), (0.7701496666697873-1.5717505633365815e-18j), (0.7701504051587266-1.7319516068576558e-18j), (0.7701407655388036-1.1198986807828117e-18j), (0.7701504051561098-1.7317036310626204e-18j), (0.7701287282782189-1.9947915055775878e-18j)]"
C1_v,"[(-0.22018781996230494+0.00013142680314245654j), (0.3648999254968585-0.0002750780743938324j), (0.3129556235268876-3.4036415462436605e-06j), (0.20717332549157746+2.6839570981509796e-05j), (-0.3293688424564177-0.00021133539250483234j), (0.1048520106644127+9.658299790381455e-06j), (0.07829628936228221-1.6989704047821622e-06j), (-0.3118705138588146+1.5159901079393313e-05j), (-0.016388417880811232-0.00018300617993934442j), (-0.368751794967138-1.8119663790222027e-06j), (-0.07379332388883215+6.027938588540872e-06j), (0.19008158187951585-2.466037533341038e-06j), (0.2807051418968669+9.921416856988973e-06j), (0.031307707684111494-0.00016381179137014374j), (-0.24067674615881263+3.959847914498704e-06j), (-0.01209753449559848-2.392866215218926e-06j), (0.28255476608326124+3.971683884153678e-06j), (-0.03709253931508663-3.6642023106137907e-06j), (-0.28631423797820876+6.644349681497889e-06j), (0.048820815339769855-0.00014891079942899095j), (0.08004245468445446-2.6024843546793067e-06j), (0.10281317423316214+2.871006432448341e-06j), (-0.014544489660444785-3.103549534339974e-06j), (-0.2168679098133279+2.6857003532515936e-06j), (-0.24218819906930875-5.145817014188106e-06j), (0.24427730587113292+4.462757200001257e-06j), (0.45441404406091074-0.00013631658616422768j), (0.021499102543033787+2.376925828149925e-06j), (0.04161581056459588-2.9131193119896546e-06j), (-0.07323819023767357+2.252637409662317e-06j), (0.028111503504816986-3.978984896906125e-06j), (0.16032280524203898+1.8710853848806907e-06j), (0.004878935347909069-7.0432894400518255e-06j), (-0.04941756932140818+3.055277594187199e-06j), (0.3293546189674213-0.00012479063762617913j)]"
C1,"[(0.7999625823219184+0.0001314268031424707j), (1.0678212425772209-0.00027507807439383267j), (1.0749577367545968-3.4036415462606164e-06j), (0.9773237303028874+2.683957098150806e-05j), (0.43817022825275304-0.00021133539250483348j), (0.875002415793964+9.658299790379724e-06j), (0.848120463796582-1.6989704047786727e-06j), (0.45827989119096957+1.515990107939158e-05j), (0.7532482984605147-0.00018300617993934428j), (0.4013862501728988-1.8119663790233875e-06j), (0.6963570812642592+6.02793858853914e-06j), (0.9601672092786881-2.4660375333419848e-06j), (1.0508555470124183+9.921416856987241e-06j), (0.8012753315550317-0.00016381179137014428j), (0.529473658999503+3.959847914496972e-06j), (0.7580503183225282-2.392866215221167e-06j), (1.0527051712405+3.971683884151946e-06j), (0.7330342981337803-3.6642023106155847e-06j), (0.4838361671612452+6.6443496814961565e-06j), (0.8188806239511545-0.00014891079942899396j), (0.8501922463261004-2.602484354680437e-06j), (0.872963579392226+2.8710064324466093e-06j), (0.7556048565269655-3.10354953434174e-06j), (0.5532824953450041+2.6857003532498615e-06j), (0.5279496673099967-5.145817014189989e-06j), (1.0144277110218114+4.4627571999995244e-06j), (1.2245100353192047-0.00013631658616422646j), (0.791649507702346+2.376925828148193e-06j), (0.8117658901327719-2.9131193119913313e-06j), (0.696912214921535+2.252637409660585e-06j), (0.7982611701746043-3.978984896907697e-06j), (0.9304732104007656+1.8710853848789588e-06j), (0.7750197008867127-7.043289440052945e-06j), (0.7207328358347016+3.0552775941854672e-06j), (1.0994833472456402-0.00012479063762618113j)]"
Ct1_b,"[(0.9366341168664998+2.522640217536472e-17j), (0.6171807680976032+3.400303657487833e-18j), (0.6783908093184485-1.5893169560876843e-17j), (0.6866617339394062-3.4655288319891146e-19j), (0.683894062202414+5.519417304802314e-19j), (0.6866617339615448-3.4732221721885315e-19j), (0.6863222659675843+4.851179039872426e-18j), (0.686661733947532-3.472648321212646e-19j), (0.686111801736495+1.5182481235048687e-18j), (0.6866482886755548+2.335715954205947e-19j), (0.6866617339642902-3.4664719912686043e-19j), (0.6865931409334418+4.816352162790656e-19j), (0.6866617339578859-3.464167714547541e-19j), (0.6864652194242488+6.985169448552078e-19j), (0.6866617339656929-3.4645139344000706e-19j), (0.6866589003046608-8.830181402167096e-19j), (0.6866617339652488-3.4654026266438895e-19j), (0.6866364612501877-4.485284702365195e-19j), (0.686661733962423-3.4617989293259307e-19j), (0.6865642238906682-1.8474560304062525e-18j), (0.6866610455155195+3.3364151662218054e-19j), (0.6866617339659252-3.4659209605750237e-19j), (0.6866605483121869-3.7921354048570457e-19j), (0.6866617339654046-3.4658897846821822e-19j), (0.6866481556001706-5.18388491444523e-19j), (0.6866617339648007-3.4715473667294247e-19j), (0.6866032687895238+2.702723909762595e-18j), (0.6866617339660002-3.465805463273394e-19j), (0.6866613689774963-2.878614251030824e-19j), (0.6866617339658608-3.465237904701411e-19j), (0.6866609035510776-2.015051466364634e-19j), (0.6866617339654263-3.4644301367421916e-19j), (0.6866511976062823+3.63683369282883e-19j), (0.6866617339654594-3.4643218903310757e-19j), (0.6866385326300308-7.812403849853521e-19j)]"
Ct1_v,"[(0.2873525233773678+3.881042174387732e-05j), (0.22757592604757676-4.727517503365436e-06j), (-0.4915570623366109-1.536351348211239e-06j), (-0.3501002564503973+2.723882047467262e-06j), (0.6276599602201687+1.0816038675631705e-06j), (-0.18930601243229836-6.190031409417612e-09j), (-0.28184968768652036-2.566470022883731e-07j), (0.5067740964276427+1.5628513882696827e-06j), (0.23173627038707584+1.2620112494085454e-06j), (0.5708458686262392-8.513268378042007e-08j), (0.22805311506578743-8.659673920182006e-09j), (-0.4082064886543622-1.3426600657720045e-07j), (-0.5399238835685861+1.3209979619747402e-06j), (-0.005236407574614567+1.2324545766888993e-06j), (-0.0758256863022359+4.3908739259368045e-09j), (0.18999936698794004-4.551443588909162e-08j), (-0.33002751578817835+1.5537920043707047e-08j), (-0.0013707442830676185-7.477915546206369e-08j), (0.5417274575207779+1.1950527064942606e-06j), (-0.23024928451839688+1.1766284271384568e-06j), (-0.40181018911692973-2.5115883884064116e-08j), (0.009020242409109371+1.8631341274825434e-08j), (-0.004664487814638683-2.0492467999049337e-08j), (0.3173459375331506+4.05158198731547e-08j), (0.41735960771833974-3.3608141435778157e-08j), (-0.4962462322603811+1.107235842521397e-06j), (-0.6335973503887148+1.1171143287617295e-06j), (0.23458978809658557+2.3237118505615595e-08j), (-0.0010656800622943577-1.3275927513192746e-08j), (-0.0046811538662641155+3.2384702726967773e-08j), (-0.18296079534193535-2.3016989779365947e-09j), (-0.22698970090944476+6.742347348688803e-08j), (0.2779063543928139-2.889283471370211e-09j), (0.35747399344663117+1.0395071663359637e-06j), (-0.16998240476631787+9.91457011715222e-07j)]"
Ct1,"[(1.2239866402438675+3.881042174390255e-05j), (0.8447566941451801-4.727517503362036e-06j), (0.18683374698183763-1.536351348227132e-06j), (0.33656147748900894+2.7238820474669156e-06j), (1.3115540224225826+1.0816038675637223e-06j), (0.49735572152924645-6.1900314097649346e-09j), (0.4044725782810639-2.5664700228352193e-07j), (1.1934358303751749+1.5628513882693355e-06j), (0.9178480721235709+1.2620112494100637e-06j), (1.2574941573017941-8.51326837801865e-08j), (0.9147148490300776-8.659673920528652e-09j), (0.2783866522790796-1.342660065767188e-07j), (0.14673785038929976+1.3209979619743937e-06j), (0.6812288118496342+1.232454576689598e-06j), (0.6108360476634569+4.390873925590353e-09j), (0.8766582672926009-4.551443588997464e-08j), (0.3566342181770704+1.5537920043360507e-08j), (0.6852657169671201-7.477915546251222e-08j), (1.2283891914832008+1.1950527064939144e-06j), (0.4563149393722713+1.1766284271366095e-06j), (0.2848508563985898-2.5115883883730475e-08j), (0.6956819763750346+1.8631341274478842e-08j), (0.6819960604975482-2.049246799942855e-08j), (1.0040076714985553+4.051581987280811e-08j), (1.1040077633185104-3.360814143629655e-08j), (0.19041550170441957+1.10723584252105e-06j), (0.05300591840080904+1.1171143287644322e-06j), (0.9212515220625858+2.3237118505269013e-08j), (0.685595688915202-1.3275927513480608e-08j), (0.6819805800995967+3.238470272662125e-08j), (0.5037001082091422-2.3016989781381e-09j), (0.45967203305598153+6.742347348654159e-08j), (0.9645575519990963-2.889283471006528e-09j), (1.0441357274120906+1.0395071663356172e-06j), (0.516656127863713+9.91457011714441e-07j)]"
Ct2_b,"[(0.9366893512382268+2.3385724390315866e-17j), (0.6171807680976032+4.669480552007545e-18j), (0.6783908093184485-1.5400085252527637e-17j), (0.6866617339394062-3.484890306995073e-19j), (0.683894062202414-1.0907211420770132e-19j), (0.6866617339615448-3.4540820486115865e-19j), (0.6863222659675843+4.903800043902009e-18j), (0.686661733947532-3.4664686844102336e-19j), (0.686111801736495+1.859564917531661e-18j), (0.6866482886755548+2.6781661221740864e-19j), (0.6866617339642902-3.4631766419113353e-19j), (0.6865931409334418+3.379679202914902e-19j), (0.6866617339578859-3.4607003962914796e-19j), (0.6864652194242488+1.0526172095443025e-18j), (0.6866617339656929-3.4683486368877686e-19j), (0.6866589003046608-8.657238545712055e-19j), (0.6866617339652488-3.4661995235303745e-19j), (0.6866364612501877-3.6560221599400126e-19j), (0.686661733962423-3.470006849886994e-19j), (0.6865642238906682-1.7393516617118702e-18j), (0.6866610455155195+2.4349859639925796e-19j), (0.6866617339659252-3.4629482139997102e-19j), (0.6866605483121869-3.9152759030380264e-19j), (0.6866617339654046-3.4655572862169145e-19j), (0.6866481556001706-5.213048372216648e-19j), (0.6866617339648007-3.464215550729588e-19j), (0.6866032687895238+2.7709020871896553e-18j), (0.6866617339660002-3.4663744070764173e-19j), (0.6866613689774963-2.8655443103584637e-19j), (0.6866617339658608-3.4655817840717763e-19j), (0.6866609035510776-1.4853841380816155e-19j), (0.6866617339654263-3.4650219210128693e-19j), (0.6866511976062823+2.353125981128035e-19j), (0.6866617339654594-3.4629149561197633e-19j), (0.6866385326300308-4.965203864120851e-19j)]"
Ct2_v,"[(0.28763594615853477+3.558026866438056e-05j), (0.22732395209363715-2.709669671276472e-06j), (-0.49179528574210374-1.3820219227099082e-06j), (-0.35013815109681407+2.3028551923446015e-06j), (0.627649104987812+1.2692172093118717e-06j), (-0.18931977488004775-2.2283350463493568e-08j), (-0.28187140272368233-2.515170090985762e-07j), (0.5067635470475965+1.4690084596870366e-06j), (0.23174436513813618+1.2956582593792213e-06j), (0.5708442803690823-8.237837457155219e-08j), (0.22805030358349618-7.13324902831385e-09j), (-0.4082100321757626-1.3089497952114804e-07j), (-0.5399280223409829+1.2916544588083475e-06j), (-0.005227523558687209+1.2332017347923619e-06j), (-0.07582631747686826+5.112228271989916e-09j), (0.18999913237433833-4.49507182725988e-08j), (-0.33002842342111766+1.6467149366865334e-08j), (-0.0013712756004705838-7.377039976366714e-08j), (0.5417254291234969+1.1847713411305263e-06j), (-0.23024140079381536+1.1685524591097616e-06j), (-0.4018101835840754-2.4762448734309486e-08j), (0.009020014054002235+1.8849439589357723e-08j), (-0.004664410172516012-2.0134821300556824e-08j), (0.3173455207616118+4.089740097617519e-08j), (0.417359917000922-3.3739466447487974e-08j), (-0.4962473664598836+1.103656331739844e-06j), (-0.6335906061746598+1.106115553591789e-06j), (0.23458968889740375+2.3318272883279523e-08j), (-0.0010655931392959423-1.3044420719630385e-08j), (-0.004681279448179165+3.2459903435579486e-08j), (-0.1829605680084447-1.808564231832747e-09j), (-0.2269899760510044+6.754386520569173e-08j), (0.27790713561581176-3.286074446849215e-09j), (0.3574731933918962+1.0384960192138531e-06j), (-0.16997689201542754+9.905267092126225e-07j)]"
Ct2,"[(1.2243252973967615+3.5580268664403944e-05j), (0.8445047201912403-2.7096696712718026e-06j), (0.1865955235763448-1.3820219227253084e-06j), (0.33652358284259215+2.302855192344253e-06j), (1.311543167190226+1.2692172093117627e-06j), (0.4973419590814971-2.2283350463838975e-08j), (0.40445086324390195-2.515170090936724e-07j), (1.1934252809951285+1.46900845968669e-06j), (0.9178561668746312+1.295658259381081e-06j), (1.2574925690446372-8.237837457128437e-08j), (0.9147120375477864-7.133249028660167e-09j), (0.2783831087576792-1.3089497952081008e-07j), (0.14673371161690296+1.2916544588080015e-06j), (0.6812376958655616+1.2332017347934145e-06j), (0.6108354164888246+5.112228271643081e-09j), (0.8766580326789991-4.495071827346452e-08j), (0.3566333105441311+1.6467149366518716e-08j), (0.6852651856497172-7.377039976403274e-08j), (1.22838716308592+1.1847713411301792e-06j), (0.4563228230968528+1.1685524591080223e-06j), (0.28485086193144415-2.4762448734065987e-08j), (0.6956817480199274+1.884943958901143e-08j), (0.6819961381396709-2.013482130094835e-08j), (1.0040072547270165+4.0897400975828635e-08j), (1.1040080726010926-3.3739466448009277e-08j), (0.19041436750491708+1.1036563317394975e-06j), (0.05301266261486404+1.1061155535945598e-06j), (0.9212514228634039+2.3318272882932885e-08j), (0.6855957758382003-1.304442071991694e-08j), (0.6819804545176816+3.245990343523293e-08j), (0.5037003355426328-1.8085642319812856e-09j), (0.4596717579144219+6.754386520534523e-08j), (0.9645583332220942-3.2860744466139024e-09j), (1.0441349273573555+1.0384960192135069e-06j), (0.5166616406146033+9.90526709212126e-07j)]"
Ctt_b,"[(0.862223708164364+3.416829160246379e-17j), (0.540415436540458+8.254700361085037e-18j), (0.6038283051676376-1.4616050750229364e-17j), (0.6122237081649453+7.587756136612617e-19j), (0.6092903393718136+1.296945092479296e-18j), (0.6122237081663268+7.589604084968081e-19j), (0.6118704657744891+5.977031336428506e-18j), (0.6122237081638848+7.588047297958275e-19j), (0.6116349753656681+2.9792146340000026e-18j), (0.6122090823136236+1.4108061522808298e-18j), (0.6122237081665552+7.589382252576796e-19j), (0.6121510751510105+1.4800757202574352e-18j), (0.6122237081654983+7.590067092260178e-19j), (0.612012428525743+2.013276276877717e-18j), (0.6122237081669235+7.588834561423861e-19j), (0.6122205621787392+2.1406778926262196e-19j), (0.6122237081667721+7.5889759966820595e-19j), (0.6121966070976885+7.003550043901493e-19j), (0.6122237081663567+7.588982847348056e-19j), (0.6121187569854251-8.735645398911245e-19j), (0.6122229356321546+1.4264722978414498e-18j), (0.6122237081669629+7.589096193711085e-19j), (0.6122223806771337+7.145170015834853e-19j), (0.6122237081667515+7.588970092473594e-19j), (0.6122090040240962+5.610178190749397e-19j), (0.6122237081668234+7.588593941738472e-19j), (0.6121608900860923+3.991389802523872e-18j), (0.6122237081669344+7.589804385749532e-19j), (0.6122232990144152+8.224045927744386e-19j), (0.6122237081669548+7.589143231154601e-19j), (0.6122227743844998+9.419845976314911e-19j), (0.6122237081666776+7.589673186570083e-19j), (0.6122121916481005+1.439869086872461e-18j), (0.612223708166903+7.589557892055907e-19j), (0.6121988751673145+4.341334447105316e-19j)]"
Ctt_v,"[(-0.06537196166808074-1.530803320907816e-06j), (-0.02806326198694531+9.083352182188156e-08j), (0.10406598779960154-4.225392298627689e-08j), (0.07448958479573203+3.095554175293189e-08j), (-0.13426856088233255-9.464611973657324e-09j), (0.044812906700400744+7.2534551830404135e-09j), (0.058819126195497215-3.6225511540264543e-09j), (-0.11091579113476789+8.962756370365587e-11j), (-0.048631254916404444-2.056685353856079e-09j), (-0.12489598224381651-1.693402306320843e-10j), (-0.04951610365742928+4.00088063522687e-10j), (0.08876733866645342-6.712213192457537e-10j), (0.11822776015977673-4.838300306172853e-10j), (0.0018589857271036092-1.0134771123798214e-09j), (0.010736801704668397-2.8371625432354416e-11j), (-0.039239205183465804-2.1620621896924173e-11j), (0.07363280548478833+7.384937628753608e-11j), (-7.426589640155351e-05-1.722252359803451e-10j), (-0.1181034116294509-3.119440705263288e-10j), (0.049378637486573-5.826163886695379e-10j), (0.08436889330459901-2.4450398500250966e-11j), (0.0003186400760431164-3.23523773030216e-11j), (0.0008237974628075826-2.7848218847549035e-11j), (-0.06974066541260882+1.842509609919801e-11j), (-0.09155132355953606-4.405445139545134e-11j), (0.10819783907518236-1.8151416698637989e-10j), (0.1399152411636187-3.5868072878378377e-10j), (-0.046753025275726-2.022986989534258e-11j), (0.0006380805799653936-1.8050070953015302e-11j), (-0.0011353746443682018-2.7546351256653935e-11j), (0.03733901747304588-3.111327229403461e-11j), (0.049920748575921485+9.071350923935126e-13j), (-0.05753185759282967-1.2036975882050847e-12j), (-0.0757676001034168-1.3953549765349827e-10j), (0.03706462273946936-4.691904530612059e-10j)]"
Ctt,"[(0.7968517464962832-1.5308033208736478e-06j), (0.5123521745535127+9.083352183013627e-08j), (0.7078942929672392-4.225392300089294e-08j), (0.6867132929606774+3.095554175369066e-08j), (0.47502177848948113-9.46461197236038e-09j), (0.6570366148667275+7.253455183799374e-09j), (0.6706895919699863-3.622551148049423e-09j), (0.5013079170291169+8.96275644624606e-11j), (0.5630037204492637-2.0566853508768644e-09j), (0.4873131000698071-1.6934022922127816e-10j), (0.5627076045091259+4.000880642816252e-10j), (0.700918413817464-6.71221317765678e-10j), (0.7304514683252751-4.838300298582786e-10j), (0.6138714142528466-1.013477110366545e-09j), (0.6229605098715919-2.837162467347096e-11j), (0.5729813569952734-2.1620621682856384e-11j), (0.6858565136515604+7.384937704643368e-11j), (0.612122341201287-1.722252352799901e-10j), (0.4941202965369058-3.119440697674305e-10j), (0.6614973944719981-5.826163895431025e-10j), (0.6965918289367536-2.445039707377867e-11j), (0.612542348243006-3.235237654411198e-11j), (0.6130461781399413-2.7848218133032034e-11j), (0.5424830427541427+1.842509685809502e-11j), (0.5206576804645601-4.4054450834433515e-11j), (0.7204215472420057-1.815141662275205e-10j), (0.7520761312497111-3.5868072479239397e-10j), (0.5654706828912084-2.0229869136362142e-11j), (0.6128613795943806-1.805007013061071e-11j), (0.6110883335225866-2.754635049773961e-11j), (0.6495617918575457-3.111327135205001e-11j), (0.662144456742599+9.071358513608312e-13j), (0.5546803340552708-1.2036961483359978e-12j), (0.5364561080634862-1.3953549689454248e-10j), (0.6492634979067838-4.691904526270724e-10j)]"
C11,"[(-0.03566351704713409+2.6956260673516362e-14j), (0.004782575217640306+8.420377008478338e-15j), (0.0017968775891270689-2.3979438248694435e-16j), (-0.005064485256453593+5.9393850584006135e-15j), (0.0014608323293324801+3.548231172121222e-15j), (-0.0005490146716988472+1.3432183495345656e-15j), (0.0005986024630480466-2.837763615269211e-16j), (-0.0015192651107689564+2.188353175862253e-15j), (0.0006233976682176198+1.953776648235459e-15j), (0.00019518371691108798-2.5845829721761903e-16j), (-0.0001471914637465579+5.062521189829829e-16j), (0.0002525684936672651-1.7100417136471162e-16j), (-0.000574628349251771+9.505995460987454e-16j), (0.00030611049901113743+1.2489494586100502e-15j), (-3.932268796017598e-05+2.17449400837807e-16j), (7.925062618704742e-05-1.5236566274054634e-16j), (-5.000112681471863e-05+1.9806899047984594e-16j), (0.00011931910107903485-6.3888420261907e-17j), (-0.0002242137498399087+4.0417817349066486e-16j), (0.00016206869178246234+8.185094127245977e-16j), (3.205942265685181e-05-6.918596568675719e-17j), (-1.5490258139844518e-05+5.58258021953122e-17j), (3.655278084104392e-05-8.45045742055344e-17j), (-1.728394858025437e-05+6.996187421525754e-17j), (6.051519272757747e-05+1.634669617083829e-17j), (-7.031254581969435e-05+1.528194086741233e-16j), (9.055124098896473e-05+5.593764632850912e-16j), (-8.955033671372871e-06+7.685812225110214e-18j), (1.6331393290691372e-05-7.721590797719538e-17j), (-7.886127233558564e-06+4.230919576060334e-17j), (1.9559111791524277e-05-2.1511702002595187e-17j), (-3.280232092356242e-06+4.300840648790897e-17j), (3.4844002649620446e-05+5.027871694622659e-17j), (4.931039129607285e-06-1.9795700631586887e-17j), (6.504638324086636e-05+3.5081694434160245e-16j)]"
C13,0.5
C9,"[(-0.19561181395926772-1.5940063116581523e-16j), (-5.040145610941339e-05-8.678609815116642e-17j), (9.899453862416734e-05+8.935687775262501e-17j), (0.061626486752792274+1.6654439235505947e-16j), (-2.0282002248537748e-05-1.4939829125188687e-16j), (-0.01926759131862557-1.605358272481239e-16j), (-2.9731588330575562e-05+2.0004948866538553e-16j), (-0.03454619504854037-1.3753171481098516e-16j), (1.531772082800131e-05-1.0259620720821089e-16j), (-3.87336194763972e-05-9.383142178916242e-17j), (0.010982043360273664+2.2918928936425236e-17j), (3.645038411126469e-05+5.49251910766784e-17j), (0.022414286693967538+1.9348932963993715e-16j), (-1.088398270747545e-05+8.981603960142627e-17j), (-0.006520871604592487+1.3499710063697e-16j), (3.1376128152741104e-05-1.004702096134387e-16j), (-0.007372635574935543-1.607414003469414e-17j), (-4.209440644993079e-05+1.2090131122269325e-17j), (-0.015146555940490093-8.840702648208614e-17j), (1.8037221482039703e-05+7.540935490664406e-17j), (-2.3819631867410544e-05+1.0787364861396836e-17j), (0.00468515720424667-7.445996752036039e-18j), (-2.529505051218716e-05+7.185478063051308e-17j), (0.005310773555356991-2.057646666222998e-17j), (3.571989269912128e-05-2.930161006461483e-17j), (0.010024271744495973+2.300067964041797e-16j), (-2.6855027798326357e-05+2.724205633222589e-16j), (-0.003728382397124704-1.040309100981269e-16j), (1.7752837880691914e-05+8.9673207908297e-17j), (-0.0037754626331667675+5.114130207230085e-17j), (3.1209554482714394e-05+1.0668512126459589e-16j), (-0.004023087495665824+5.0301580147562e-17j), (-2.7275966521467873e-05-1.4275581421872763e-16j), (-0.006061378834295407-1.2385266908511533e-16j), (-3.854171958168529e-05+7.83741561145571e-18j)]"
